{
  "name": "rolladvantage-token-stamp-2-foundry",
  "title": "Token Stamp 2 for Foundry VTT - RollAdvantage.com",
  "description": "Integration for Token Stamp 2 on RollAdvantage.com",
  "version": "1.2.1",
  "author": "Chad Keating [Sir Everard#1198]",
  "url": "https://github.com/ChadKeating/rolladvantage-token-stamp-2-foundry",
  "manifest": "https://raw.githubusercontent.com/ChadKeating/rolladvantage-token-stamp-2-foundry/master/dist/module.json",
  "download": "https://github.com/ChadKeating/rolladvantage-token-stamp-2-foundry/raw/master/releases/tokenstamp2-foundry-module-latest.zip",
  "readme": "https://github.com/ChadKeating/rolladvantage-token-stamp-2-foundry/blob/master/releases/README.md",
  "changelog": "https://github.com/ChadKeating/rolladvantage-token-stamp-2-foundry/blob/master/releases/CHANGELOG.md",
  "bugs": "https://github.com/ChadKeating/rolladvantage-token-stamp-2-foundry/issues",
  "minimumCoreVersion": "0.6.5",
  "compatibleCoreVersion": "0.9.9",
  "scripts": [
    "rolladvantage-token-stamp-2-foundry.js"
  ],
  "styles": [
    "rolladvantage-token-stamp-2-foundry.css"
  ],
  "packs": []
}